,Integration Testing,Compliance Verification,Data Analysis,Predictive Modeling,Design,Prototyping,Electrical,Mechanical,Assembly,Equipment Calibration,Process Monitoring,Defect Analysis,Vendor Coordination,Inventory Management,Shipment Scheduling,Route Optimization,Sales,Brand Management,Inquiry Handling,Issue Resolution,Policy Development,Compliance Monitoring,Liability,Risk Analytics,Stakeholder Briefing,Board Messaging Strategy,Agenda Coordination,Minutes & Records Management,Sustainability Reporting,Community Engagement,Media Response Planning,Internal Messaging Protocols,Earnings Call Preparation,Regulatory Filings,Institutional Relations,Proxy Coordination,Operational Audits,Financial Controls Review,Code of Conduct Compliance,Misconduct Investigation Support
Integration Testing,0,5,2,3,5,4,6,5,4,3,4,6,3,6,6,4,4,2,3,4,4,3,4,4,3,3,6,4,4,3,6,3,2,5,5,3,4,2,2,3
Compliance Verification,5,0,5,3,4,4,5,5,5,4,5,5,3,3,5,6,6,4,3,5,4,4,1,6,6,5,4,3,5,4,5,3,4,5,3,5,3,5,4,3
Data Analysis,2,5,0,4,5,5,7,6,5,5,6,6,4,6,7,5,5,4,3,4,4,3,5,6,4,3,6,4,6,2,7,3,3,6,6,4,5,4,2,4
Predictive Modeling,3,3,4,0,2,3,5,4,3,2,5,4,2,4,4,4,4,3,3,3,3,2,3,5,4,4,4,3,4,2,5,3,2,4,3,3,3,3,3,4
Design,5,4,5,2,0,2,4,2,4,2,5,2,3,4,3,3,3,4,4,3,4,3,4,4,4,4,2,4,2,4,3,4,3,2,2,4,4,3,5,5
Prototyping,4,4,5,3,2,0,5,3,4,1,4,3,3,5,4,3,3,4,5,3,6,3,4,4,4,5,5,5,2,5,5,5,3,4,3,4,3,3,5,5
Electrical,6,5,7,5,4,5,0,3,4,4,5,5,5,5,2,5,6,4,5,6,4,6,4,4,6,7,3,4,5,6,3,5,6,5,4,5,5,5,6,5
Mechanical,5,5,6,4,2,3,3,0,3,2,5,3,4,5,1,3,3,4,5,4,4,5,5,3,4,5,3,5,3,5,3,5,4,3,3,4,4,3,6,5
Assembly,4,5,5,3,4,4,4,3,0,4,6,6,5,7,4,4,5,3,4,5,4,5,5,4,5,6,4,5,5,4,5,5,3,5,5,2,4,4,4,5
Equipment Calibration,3,4,5,2,2,1,4,2,4,0,4,3,2,4,4,3,3,3,4,3,5,3,3,4,3,4,4,4,2,4,4,4,2,3,3,3,3,2,4,4
Process Monitoring,4,5,6,5,5,4,5,5,6,4,0,6,4,5,5,5,5,3,4,6,6,5,4,3,5,5,6,4,4,6,5,5,4,6,5,5,4,3,4,3
Defect Analysis,6,5,6,4,2,3,5,3,6,3,6,0,4,4,4,4,2,6,6,3,6,4,6,5,4,5,4,5,2,5,4,5,5,2,2,6,6,4,7,7
Vendor Coordination,3,3,4,2,3,3,5,4,5,2,4,4,0,4,5,4,4,3,3,3,4,1,3,5,4,3,4,3,3,3,5,3,2,4,3,4,2,3,3,4
Inventory Management,6,3,6,4,4,5,5,5,7,4,5,4,4,0,5,6,5,5,4,5,4,5,4,6,5,4,3,2,4,5,4,3,5,4,2,6,5,5,6,5
Shipment Scheduling,6,5,7,4,3,4,2,1,4,4,5,4,5,5,0,4,5,4,5,5,4,6,5,3,5,6,3,5,4,6,2,5,5,4,4,5,5,4,6,5
Route Optimization,4,6,5,4,3,3,5,3,4,3,5,4,4,6,4,0,2,4,5,3,5,4,6,3,2,4,5,5,3,4,5,5,3,3,5,4,6,2,5,6
Sales,4,6,5,4,3,3,6,3,5,3,5,2,4,5,5,2,0,5,5,2,5,4,6,4,1,3,4,4,2,4,4,4,3,2,3,5,6,3,5,5
Brand Management,2,4,4,3,4,4,4,4,3,3,3,6,3,5,4,4,5,0,2,4,3,4,3,3,5,4,5,3,5,4,5,3,2,5,5,2,3,2,2,2
Inquiry Handling,3,3,3,3,4,5,5,5,4,4,4,6,3,4,5,5,5,2,0,5,2,4,3,5,5,3,4,2,5,3,5,2,3,5,4,4,4,4,2,2
Issue Resolution,4,5,4,3,3,3,6,4,5,3,6,3,3,5,5,3,2,4,5,0,5,2,5,5,2,3,4,4,3,2,5,4,3,3,4,4,5,3,4,5
Policy Development,4,4,4,3,4,6,4,4,4,5,6,6,4,4,4,5,5,3,2,5,0,5,4,5,5,4,3,2,5,4,4,3,4,5,4,4,5,4,4,3
Compliance Monitoring,3,4,3,2,3,3,6,5,5,3,5,4,1,5,6,4,4,4,4,2,5,0,4,6,4,3,5,4,4,2,6,3,2,4,4,4,3,3,3,5
Liability,4,1,5,3,4,4,4,5,5,3,4,6,3,4,5,6,6,3,3,5,4,4,0,5,6,5,4,3,5,5,5,4,4,5,4,4,2,4,4,3
Risk Analytics,4,6,6,5,4,4,4,3,4,4,3,5,5,6,3,3,4,3,5,5,5,6,5,0,4,5,5,5,4,6,4,5,4,4,5,4,5,3,5,4
Stakeholder Briefing,3,6,4,4,4,4,6,4,5,3,5,4,4,5,5,2,1,5,5,2,5,4,6,4,0,3,5,5,3,4,5,4,3,3,5,5,6,2,5,5
Board Messaging Strategy,3,5,3,4,4,5,7,5,6,4,5,5,3,4,6,4,3,4,3,3,4,3,5,5,3,0,5,3,4,3,6,2,3,4,4,5,5,3,3,4
Agenda Coordination,6,4,6,4,2,5,3,3,4,4,6,4,4,3,3,5,4,5,4,4,3,5,4,5,5,5,0,3,4,4,2,4,5,3,3,5,5,5,6,5
Minutes & Records Management,4,3,4,3,4,5,4,5,5,4,4,5,3,2,5,5,4,3,2,4,2,4,3,5,5,3,3,0,4,4,4,1,4,4,3,5,4,4,4,3
Sustainability Reporting,4,5,6,4,2,2,5,3,5,2,4,2,3,4,4,3,2,5,5,3,5,4,5,4,3,4,4,4,0,5,4,4,3,2,2,5,4,3,5,5
Community Engagement,3,4,2,2,4,5,6,5,4,4,6,5,3,5,6,4,4,4,3,2,4,2,5,6,4,3,4,4,5,0,6,3,3,4,4,4,5,4,3,5
Media Response Planning,6,5,7,5,3,5,3,3,5,4,5,4,5,4,2,5,4,5,5,5,4,6,5,4,5,6,2,4,4,6,0,5,5,3,3,6,6,5,6,5
Internal Messaging Protocols,3,3,3,3,4,5,5,5,5,4,5,5,3,3,5,5,4,3,2,4,3,3,4,5,4,2,4,1,4,3,5,0,3,4,4,4,4,3,3,3
Earnings Call Preparation,2,4,3,2,3,3,6,4,3,2,4,5,2,5,5,3,3,2,3,3,4,2,4,4,3,3,5,4,3,3,5,3,0,4,4,2,3,2,2,4
Regulatory Filings,5,5,6,4,2,4,5,3,5,3,6,2,4,4,4,3,2,5,5,3,5,4,5,4,3,4,3,4,2,4,3,4,4,0,2,6,6,4,6,6
Institutional Relations,5,3,6,3,2,3,4,3,5,3,5,2,3,2,4,5,3,5,4,4,4,4,4,5,5,4,3,3,2,4,3,4,4,2,0,5,4,4,6,5
Proxy Coordination,3,5,4,3,4,4,5,4,2,3,5,6,4,6,5,4,5,2,4,4,4,4,4,4,5,5,5,5,5,4,6,4,2,6,5,0,4,3,3,4
Operational Audits,4,3,5,3,4,3,5,4,4,3,4,6,2,5,5,6,6,3,4,5,5,3,2,5,6,5,5,4,4,5,6,4,3,6,4,4,0,4,4,4
Financial Controls Review,2,5,4,3,3,3,5,3,4,2,3,4,3,5,4,2,3,2,4,3,4,3,4,3,2,3,5,4,3,4,5,3,2,4,4,3,4,0,3,4
Code of Conduct Compliance,2,4,2,3,5,5,6,6,4,4,4,7,3,6,6,5,5,2,2,4,4,3,4,5,5,3,6,4,5,3,6,3,2,6,6,3,4,3,0,3
Misconduct Investigation Support,3,3,4,4,5,5,5,5,5,4,3,7,4,5,5,6,5,2,2,5,3,5,3,4,5,4,5,3,5,5,5,3,4,6,5,4,4,4,3,0
